{
  "simple_2d": {
    "history_length": 1000,
    "avg_computation_time_ms": 2.664644479751587,
    "avg_alignment": 0.9956522495736135,
    "avg_correctness": 0.08203125,
    "avg_disagreement": 0.7171875,
    "avg_witness_correctness": 0.78765625,
    "avg_judge_uncertainty": 0.6834123969078064,
    "avg_witness_uncertainty": 0.9374388647079468,
    "avg_alignment_improvement": -0.0010650784795871004,
    "avg_correctness_improvement": -0.00515625,
    "avg_quadrant": 2.0,
    "avg_velocity": 0.04880066458819241
  },
  "neutrosophic": {
    "history_length": 1000,
    "avg_computation_time_ms": 5.6887266635894775,
    "avg_T": 0.5304512669814867,
    "avg_I": 0.43332008311788583,
    "avg_F": 0.4451670673028936,
    "avg_dT_dt": -0.00017584886855395756,
    "avg_dI_dt": 0.03537370431033378,
    "avg_dF_dt": -0.04702085644104179,
    "avg_alignment": 0.9956522495736135,
    "avg_correctness": 0.08203125,
    "avg_improvement": 0.49688933576020644,
    "avg_weaver_uncertainty": 0.011973436758853494,
    "avg_witness_entropy": 0.47617684030076596,
    "avg_disagreement": 0.7171875,
    "avg_collusion": 0.8439755469924697,
    "avg_mode_collapse": 0.26870609765719566,
    "avg_gaming": 0.08988339736249014,
    "avg_state_class": 0.4
  },
  "bayesian": {
    "history_length": 1000,
    "avg_computation_time_ms": 42.664067029953,
    "avg_alignment": 0.9956522495736135,
    "avg_correctness": 0.08203125,
    "avg_witness_epistemic_uncertainty": 0.010866689221002162,
    "avg_witness_predictive_entropy": 1.0903744953870773,
    "avg_judge_entropy": 0.7284680038690567,
    "avg_disagreement": 0.7171875,
    "avg_alignment_improvement": -0.0010650784795871004,
    "avg_correctness_improvement": -0.00515625,
    "avg_state": 4.0
  }
}