{
  "simple_2d": {
    "history_length": 1000,
    "avg_computation_time_ms": 5.397414684295654,
    "avg_alignment": 0.5284921402507462,
    "avg_correctness": 0.046875,
    "avg_disagreement": 0.00546875,
    "avg_witness_correctness": 0.04734375,
    "avg_judge_uncertainty": 0.37496118307113646,
    "avg_witness_uncertainty": 0.39747231602668764,
    "avg_alignment_improvement": 0.042555108545348046,
    "avg_correctness_improvement": 0.00046875,
    "avg_quadrant": 1.06,
    "avg_velocity": 0.5282498058121956
  },
  "neutrosophic": {
    "history_length": 1000,
    "avg_computation_time_ms": 4.51632022857666,
    "avg_T": 0.2949569246305619,
    "avg_I": 0.14924001948027013,
    "avg_F": 0.31992659464957807,
    "avg_dT_dt": 0.02194629609817809,
    "avg_dI_dt": -0.010624266244325005,
    "avg_dF_dt": 0.04006680429931461,
    "avg_alignment": 0.5284921402507462,
    "avg_correctness": 0.046875,
    "avg_improvement": 0.3240503426513169,
    "avg_weaver_uncertainty": 0.07318665087223053,
    "avg_witness_entropy": 0.4169884140620033,
    "avg_disagreement": 0.00546875,
    "avg_collusion": 0.26380603526925955,
    "avg_mode_collapse": 0.4794554571477474,
    "avg_gaming": 0.2352251446585001,
    "avg_state_class": 4.2
  },
  "bayesian": {
    "history_length": 1000,
    "avg_computation_time_ms": 12.038316488265991,
    "avg_alignment": 0.5284921402507462,
    "avg_correctness": 0.046875,
    "avg_witness_epistemic_uncertainty": 0.005275459107942879,
    "avg_witness_predictive_entropy": 1.051423695087433,
    "avg_judge_entropy": 0.41219666361808777,
    "avg_disagreement": 0.00546875,
    "avg_alignment_improvement": 0.042555108545348046,
    "avg_correctness_improvement": 0.00046875,
    "avg_state": 2.59
  }
}