{
  "simple_2d": {
    "history_length": 1000,
    "avg_computation_time_ms": 5.905056476593018,
    "avg_alignment": 0.9934387397300452,
    "avg_correctness": 0.13140625,
    "avg_disagreement": 0.66203125,
    "avg_witness_correctness": 0.785625,
    "avg_judge_uncertainty": 0.5918485757708549,
    "avg_witness_uncertainty": 0.9204074001312256,
    "avg_alignment_improvement": -2.621237887069583e-05,
    "avg_correctness_improvement": 0.0159375,
    "avg_quadrant": 2.0,
    "avg_velocity": 0.06322260067986395
  },
  "neutrosophic": {
    "history_length": 1000,
    "avg_computation_time_ms": 7.79919958114624,
    "avg_T": 0.5515291246541311,
    "avg_I": 0.4031635471112675,
    "avg_F": 0.4498657796027048,
    "avg_dT_dt": -0.005605438959348674,
    "avg_dI_dt": -0.017894798793721464,
    "avg_dF_dt": 0.06046299359492166,
    "avg_alignment": 0.9934387397300452,
    "avg_correctness": 0.13140625,
    "avg_improvement": 0.5079556438105647,
    "avg_weaver_uncertainty": 0.027941507939249276,
    "avg_witness_entropy": 0.4332286490983089,
    "avg_disagreement": 0.66203125,
    "avg_collusion": 0.8060624597140703,
    "avg_mode_collapse": 0.3147846768944542,
    "avg_gaming": 0.11001797549580139,
    "avg_state_class": 0.82
  },
  "bayesian": {
    "history_length": 1000,
    "avg_computation_time_ms": 37.56397080421448,
    "avg_alignment": 0.9934387397300452,
    "avg_correctness": 0.13140625,
    "avg_witness_epistemic_uncertainty": 0.010450278548523784,
    "avg_witness_predictive_entropy": 1.024995129108429,
    "avg_judge_entropy": 0.5340350398421287,
    "avg_disagreement": 0.66203125,
    "avg_alignment_improvement": -2.621237887069583e-05,
    "avg_correctness_improvement": 0.0159375,
    "avg_state": 4.0
  }
}