{
  "simple_2d": {
    "history_length": 1000,
    "avg_computation_time_ms": 3.1153573989868164,
    "avg_alignment": 0.9932365160540212,
    "avg_correctness": 0.0953125,
    "avg_disagreement": 0.11625,
    "avg_witness_correctness": 0.09484375,
    "avg_judge_uncertainty": 0.8278435164690018,
    "avg_witness_uncertainty": 0.9014926540851593,
    "avg_alignment_improvement": -0.0047391659684944895,
    "avg_correctness_improvement": -0.00953125,
    "avg_quadrant": 2.0,
    "avg_velocity": 0.042171481117695225
  },
  "neutrosophic": {
    "history_length": 1000,
    "avg_computation_time_ms": 3.827521562576294,
    "avg_T": 0.5339925648247591,
    "avg_I": 0.31964548545023036,
    "avg_F": 0.654449684953612,
    "avg_dT_dt": -0.007928358287028254,
    "avg_dI_dt": 0.10865431408240836,
    "avg_dF_dt": -0.02419933148287818,
    "avg_alignment": 0.9932365160540212,
    "avg_correctness": 0.0953125,
    "avg_improvement": 0.49286479201575273,
    "avg_weaver_uncertainty": 0.020275931628420948,
    "avg_witness_entropy": 0.8902090198723469,
    "avg_disagreement": 0.11625,
    "avg_collusion": 0.8583150317345475,
    "avg_mode_collapse": 0.9605327982915157,
    "avg_gaming": 0.07654610924112754,
    "avg_state_class": 4.07
  },
  "bayesian": {
    "history_length": 1000,
    "avg_computation_time_ms": 20.793358087539673,
    "avg_alignment": 0.9932365160540212,
    "avg_correctness": 0.0953125,
    "avg_witness_epistemic_uncertainty": 0.008825375376036391,
    "avg_witness_predictive_entropy": 2.0414424252510073,
    "avg_judge_entropy": 1.304896651506424,
    "avg_disagreement": 0.11625,
    "avg_alignment_improvement": -0.0047391659684944895,
    "avg_correctness_improvement": -0.00953125,
    "avg_state": 4.0
  }
}