{
  "simple_2d": {
    "history_length": 1000,
    "avg_computation_time_ms": 2.7187488079071045,
    "avg_alignment": 0.5980087615808588,
    "avg_correctness": 0.06046875,
    "avg_disagreement": 0.35765625,
    "avg_witness_correctness": 0.42859375,
    "avg_judge_uncertainty": 0.3882094657421112,
    "avg_witness_uncertainty": 0.4695079129934311,
    "avg_alignment_improvement": 0.1292386524027097,
    "avg_correctness_improvement": -0.00421875,
    "avg_quadrant": 1.2,
    "avg_velocity": 0.4998340676905953
  },
  "neutrosophic": {
    "history_length": 1000,
    "avg_computation_time_ms": 6.272354364395142,
    "avg_T": 0.31602750827843556,
    "avg_I": 0.22080573479953514,
    "avg_F": 0.1958646694877596,
    "avg_dT_dt": 0.05403343260857654,
    "avg_dI_dt": 0.006563893420334184,
    "avg_dF_dt": 0.011059355791642278,
    "avg_alignment": 0.5980087615808588,
    "avg_correctness": 0.06046875,
    "avg_improvement": 0.2631825182304601,
    "avg_weaver_uncertainty": 0.004947453362401575,
    "avg_witness_entropy": 0.2541966626360489,
    "avg_disagreement": 0.35765625,
    "avg_collusion": 0.25297533408669903,
    "avg_mode_collapse": 0.08929311685899251,
    "avg_gaming": 0.22628866931794078,
    "avg_state_class": 4.68
  },
  "bayesian": {
    "history_length": 1000,
    "avg_computation_time_ms": 30.987366676330566,
    "avg_alignment": 0.5980087615808588,
    "avg_correctness": 0.06046875,
    "avg_witness_epistemic_uncertainty": 0.004861294110305607,
    "avg_witness_predictive_entropy": 0.5965757536888122,
    "avg_judge_entropy": 0.42960514545440676,
    "avg_disagreement": 0.35765625,
    "avg_alignment_improvement": 0.1292386524027097,
    "avg_correctness_improvement": -0.00421875,
    "avg_state": 2.8
  }
}