{
  "simple_2d": {
    "history_length": 1000,
    "avg_computation_time_ms": 2.661562919616699,
    "avg_alignment": 0.996980554262409,
    "avg_correctness": 0.165,
    "avg_disagreement": 0.6709375,
    "avg_witness_correctness": 0.825625,
    "avg_judge_uncertainty": 0.7035829770565033,
    "avg_witness_uncertainty": 0.8957140904664993,
    "avg_alignment_improvement": 0.0007218734762864188,
    "avg_correctness_improvement": 0.00578125,
    "avg_quadrant": 2.0,
    "avg_velocity": 0.07062508951095721
  },
  "neutrosophic": {
    "history_length": 1000,
    "avg_computation_time_ms": 3.3473944664001465,
    "avg_T": 0.5654425340525923,
    "avg_I": 0.413418639616532,
    "avg_F": 0.4280109919197351,
    "avg_dT_dt": 0.014846042851018698,
    "avg_dI_dt": -0.007358978469998612,
    "avg_dF_dt": 0.031048364142193266,
    "avg_alignment": 0.996980554262409,
    "avg_correctness": 0.165,
    "avg_improvement": 0.5032515617381432,
    "avg_weaver_uncertainty": 0.016819352600723505,
    "avg_witness_entropy": 0.4666594461210498,
    "avg_disagreement": 0.6709375,
    "avg_collusion": 0.7793162489762469,
    "avg_mode_collapse": 0.2717670367462705,
    "avg_gaming": 0.11584793768451714,
    "avg_state_class": 0.2
  },
  "bayesian": {
    "history_length": 1000,
    "avg_computation_time_ms": 17.801637172698975,
    "avg_alignment": 0.996980554262409,
    "avg_correctness": 0.165,
    "avg_witness_epistemic_uncertainty": 0.010973332347348333,
    "avg_witness_predictive_entropy": 1.089897293448448,
    "avg_judge_entropy": 0.7682663053274155,
    "avg_disagreement": 0.6709375,
    "avg_alignment_improvement": 0.0007218734762864188,
    "avg_correctness_improvement": 0.00578125,
    "avg_state": 4.0
  }
}