{
  "simple_2d": {
    "history_length": 1000,
    "avg_computation_time_ms": 8.991042613983154,
    "avg_alignment": 0.9970151881995843,
    "avg_correctness": 0.056875,
    "avg_disagreement": 0.61265625,
    "avg_witness_correctness": 0.6621875,
    "avg_judge_uncertainty": 0.4278417366743088,
    "avg_witness_uncertainty": 0.9576288449764252,
    "avg_alignment_improvement": -6.50762120494619e-05,
    "avg_correctness_improvement": -0.041875,
    "avg_quadrant": 2.0,
    "avg_velocity": 0.06084861854934129
  },
  "neutrosophic": {
    "history_length": 1000,
    "avg_computation_time_ms": 12.233941078186035,
    "avg_T": 0.5173620676586288,
    "avg_I": 0.35881174840669056,
    "avg_F": 0.5168742216898993,
    "avg_dT_dt": -0.014777214866482844,
    "avg_dI_dt": 0.004637196319868363,
    "avg_dF_dt": 0.008991774101062364,
    "avg_alignment": 0.9970151881995843,
    "avg_correctness": 0.056875,
    "avg_improvement": 0.4790299618939753,
    "avg_weaver_uncertainty": 0.01031089679338038,
    "avg_witness_entropy": 0.36885326456225487,
    "avg_disagreement": 0.61265625,
    "avg_collusion": 0.9112923179118405,
    "avg_mode_collapse": 0.39152049153932666,
    "avg_gaming": 0.11633715687788346,
    "avg_state_class": 2.04
  },
  "bayesian": {
    "history_length": 1000,
    "avg_computation_time_ms": 63.0222647190094,
    "avg_alignment": 0.9970151881995843,
    "avg_correctness": 0.056875,
    "avg_witness_epistemic_uncertainty": 0.00957605270203203,
    "avg_witness_predictive_entropy": 0.86680988073349,
    "avg_judge_entropy": 0.22688331946730614,
    "avg_disagreement": 0.61265625,
    "avg_alignment_improvement": -6.50762120494619e-05,
    "avg_correctness_improvement": -0.041875,
    "avg_state": 4.0
  }
}