{
  "seed": 3,
  "holdout": {
    "x_accuracy": 0.5675781257450581,
    "y_accuracy": 0.9529296867549419,
    "avg_validity": 0.7317359447479248,
    "relation_accuracy": 0.7474609389901161
  },
  "timestamp": "2025-12-13T06:41:05.843125"
}