{
  "seed": 4,
  "holdout": {
    "x_accuracy": 0.5931640639901161,
    "y_accuracy": 0.9730468764901161,
    "avg_validity": 0.721127588301897,
    "relation_accuracy": 0.7230468764901161
  },
  "timestamp": "2025-12-13T06:42:46.568612"
}