{
  "seed": 2,
  "holdout": {
    "x_accuracy": 0.6099609397351742,
    "y_accuracy": 0.9517578147351742,
    "avg_validity": 0.7222702875733376,
    "relation_accuracy": 0.6968750022351742
  },
  "timestamp": "2025-12-13T06:39:22.004770"
}