{
  "seed": 0,
  "holdout": {
    "x_accuracy": 0.5886718742549419,
    "y_accuracy": 0.9275390617549419,
    "avg_validity": 0.7476867064833641,
    "relation_accuracy": 0.7425781264901161
  },
  "timestamp": "2025-12-13T06:36:01.307651"
}