{
  "seed": 1,
  "holdout": {
    "x_accuracy": 0.5880859382450581,
    "y_accuracy": 0.9035156257450581,
    "avg_validity": 0.745979867875576,
    "relation_accuracy": 0.7181640639901161
  },
  "timestamp": "2025-12-13T06:37:40.735659"
}