{
  "seed": 4,
  "holdout": {
    "x_accuracy": 0.4968750011175871,
    "y_accuracy": 0.23710937518626451,
    "avg_validity": 0.962748821824789,
    "relation_accuracy": 1.0
  },
  "timestamp": "2025-12-13T06:34:20.330955"
}