{
  "seed": 2,
  "holdout": {
    "x_accuracy": 0.08808593754656613,
    "y_accuracy": 0.22968749981373549,
    "avg_validity": 0.9404828995466232,
    "relation_accuracy": 1.0
  },
  "timestamp": "2025-12-13T06:30:57.738111"
}