{
  "pedagogical": {
    "mean": 1.0,
    "std": 0.0,
    "accuracies": [
      1.0,
      1.0,
      1.0,
      1.0,
      1.0
    ]
  },
  "adversarial": {
    "mean": 0.7256250016391277,
    "std": 0.01818291169105336,
    "accuracies": [
      0.7425781264901161,
      0.7181640639901161,
      0.6968750022351742,
      0.7474609389901161,
      0.7230468764901161
    ]
  },
  "comparison": {
    "gap": 0.2743749983608723,
    "p_value": 0.0037474787584676197,
    "cohens_d": 21.340082955413756
  },
  "timestamp": "2025-12-13T06:42:46.571876"
}