{
  "simple_2d": {
    "history_length": 1000,
    "avg_computation_time_ms": 2.3815081119537354,
    "avg_alignment": 0.49690792634850367,
    "avg_correctness": 0.0859375,
    "avg_disagreement": 0.3771875,
    "avg_witness_correctness": 0.43265625,
    "avg_judge_uncertainty": 0.28043485462665557,
    "avg_witness_uncertainty": 0.4778775489330292,
    "avg_alignment_improvement": 0.09876814134535379,
    "avg_correctness_improvement": 0.04796875,
    "avg_quadrant": 1.0,
    "avg_velocity": 0.6127699209216538
  },
  "neutrosophic": {
    "history_length": 1000,
    "avg_computation_time_ms": 3.378777503967285,
    "avg_T": 0.30227068697463255,
    "avg_I": 0.22765271157422706,
    "avg_F": 0.18766104979919984,
    "avg_dT_dt": 0.0689117046596118,
    "avg_dI_dt": -0.03750460593442677,
    "avg_dF_dt": 0.05763810308594837,
    "avg_alignment": 0.49690792634850367,
    "avg_correctness": 0.0859375,
    "avg_improvement": 0.3456625821761554,
    "avg_weaver_uncertainty": 0.015417096195742488,
    "avg_witness_entropy": 0.240508609051681,
    "avg_disagreement": 0.3771875,
    "avg_collusion": 0.23054554352187076,
    "avg_mode_collapse": 0.04532741763033223,
    "avg_gaming": 0.2728153570045062,
    "avg_state_class": 4.19
  },
  "bayesian": {
    "history_length": 1000,
    "avg_computation_time_ms": 9.708775520324707,
    "avg_alignment": 0.49690792634850367,
    "avg_correctness": 0.0859375,
    "avg_witness_epistemic_uncertainty": 0.005391530860215425,
    "avg_witness_predictive_entropy": 0.6777689015865326,
    "avg_judge_entropy": 0.3622572633624077,
    "avg_disagreement": 0.3771875,
    "avg_alignment_improvement": 0.09876814134535379,
    "avg_correctness_improvement": 0.04796875,
    "avg_state": 2.5
  }
}