{
  "simple_2d": {
    "history_length": 1000,
    "avg_computation_time_ms": 9.070571899414062,
    "avg_alignment": 0.9979802367638331,
    "avg_correctness": 0.12,
    "avg_disagreement": 0.68421875,
    "avg_witness_correctness": 0.79953125,
    "avg_judge_uncertainty": 0.6960940408706665,
    "avg_witness_uncertainty": 0.9271951931715011,
    "avg_alignment_improvement": 0.001374684452312067,
    "avg_correctness_improvement": 0.02578125,
    "avg_quadrant": 2.0,
    "avg_velocity": 0.05932892943091394
  },
  "neutrosophic": {
    "history_length": 1000,
    "avg_computation_time_ms": 11.279913902282715,
    "avg_T": 0.5499076881507645,
    "avg_I": 0.4132345874694884,
    "avg_F": 0.4259649677551123,
    "avg_dT_dt": 0.010409672773059733,
    "avg_dI_dt": 0.055876467308440134,
    "avg_dF_dt": 0.14465549263202715,
    "avg_alignment": 0.9979802367638331,
    "avg_correctness": 0.12,
    "avg_improvement": 0.513577967226156,
    "avg_weaver_uncertainty": 0.008395350808277725,
    "avg_witness_entropy": 0.4567616074233501,
    "avg_disagreement": 0.68421875,
    "avg_collusion": 0.7709522669243143,
    "avg_mode_collapse": 0.2885385372688564,
    "avg_gaming": 0.10340833268243198,
    "avg_state_class": 0.69
  },
  "bayesian": {
    "history_length": 1000,
    "avg_computation_time_ms": 39.67584943771362,
    "avg_alignment": 0.9979802367638331,
    "avg_correctness": 0.12,
    "avg_witness_epistemic_uncertainty": 0.010025278846733272,
    "avg_witness_predictive_entropy": 1.095792947411537,
    "avg_judge_entropy": 0.7852867698669433,
    "avg_disagreement": 0.68421875,
    "avg_alignment_improvement": 0.001374684452312067,
    "avg_correctness_improvement": 0.02578125,
    "avg_state": 4.0
  }
}