{
  "simple_2d": {
    "history_length": 1000,
    "avg_computation_time_ms": 1.5866718292236328,
    "avg_alignment": 0.9930943179497262,
    "avg_correctness": 0.16078125,
    "avg_disagreement": 0.626875,
    "avg_witness_correctness": 0.781875,
    "avg_judge_uncertainty": 0.5777112004160881,
    "avg_witness_uncertainty": 0.9109514009952545,
    "avg_alignment_improvement": -0.0010054511815542355,
    "avg_correctness_improvement": 0.0834375,
    "avg_quadrant": 2.0,
    "avg_velocity": 0.10580453913771176
  },
  "neutrosophic": {
    "history_length": 1000,
    "avg_computation_time_ms": 1.9943594932556155,
    "avg_T": 0.569793432061735,
    "avg_I": 0.3911310249434563,
    "avg_F": 0.4962967544712159,
    "avg_alignment": 0.9930943179497262,
    "avg_correctness": 0.16078125,
    "avg_improvement": 0.5412160244092229,
    "avg_weaver_uncertainty": 0.0638339344225824,
    "avg_witness_entropy": 0.4041028153889388,
    "avg_disagreement": 0.626875,
    "avg_collusion": 0.8334281186780026,
    "avg_mode_collapse": 0.36921154240815296,
    "avg_gaming": 0.17387348092522997,
    "avg_state_class": 1.78
  },
  "bayesian": {
    "history_length": 1000,
    "avg_computation_time_ms": 12.522279500961304,
    "avg_alignment": 0.9930943179497262,
    "avg_correctness": 0.16078125,
    "avg_witness_epistemic_uncertainty": 0.009008349110372365,
    "avg_witness_predictive_entropy": 0.9604707777500152,
    "avg_judge_entropy": 0.5022090613842011,
    "avg_disagreement": 0.626875,
    "avg_alignment_improvement": -0.0010054511815542355,
    "avg_correctness_improvement": 0.0834375,
    "avg_state": 4.0
  }
}