{
  "simple_2d": {
    "history_length": 1000,
    "avg_computation_time_ms": 2.8752901554107666,
    "avg_alignment": 0.5979029041202739,
    "avg_correctness": 0.02296875,
    "avg_disagreement": 0.371875,
    "avg_witness_correctness": 0.40578125,
    "avg_judge_uncertainty": 0.3683032774925232,
    "avg_witness_uncertainty": 0.4792968600988388,
    "avg_alignment_improvement": 0.129438524057623,
    "avg_correctness_improvement": 0.00421875,
    "avg_quadrant": 1.2,
    "avg_velocity": 0.48432878150233516
  },
  "neutrosophic": {
    "history_length": 1000,
    "avg_computation_time_ms": 4.185396909713745,
    "avg_T": 0.30147494554251897,
    "avg_I": 0.22839045334330724,
    "avg_F": 0.20770246476048404,
    "avg_dT_dt": 0.062037222651773166,
    "avg_dI_dt": -0.0012210044773224163,
    "avg_dF_dt": 0.01894747324034077,
    "avg_alignment": 0.5979029041202739,
    "avg_correctness": 0.02296875,
    "avg_improvement": 0.2656314194720471,
    "avg_weaver_uncertainty": 0.014289527563378215,
    "avg_witness_entropy": 0.25117865024764585,
    "avg_disagreement": 0.371875,
    "avg_collusion": 0.2596738263290527,
    "avg_mode_collapse": 0.1253336209436947,
    "avg_gaming": 0.22077615981918175,
    "avg_state_class": 4.69
  },
  "bayesian": {
    "history_length": 1000,
    "avg_computation_time_ms": 9.231075525283813,
    "avg_alignment": 0.5979029041202739,
    "avg_correctness": 0.02296875,
    "avg_witness_epistemic_uncertainty": 0.004839200424030423,
    "avg_witness_predictive_entropy": 0.6031091630458831,
    "avg_judge_entropy": 0.3664312601089478,
    "avg_disagreement": 0.371875,
    "avg_alignment_improvement": 0.129438524057623,
    "avg_correctness_improvement": 0.00421875,
    "avg_state": 2.8
  }
}