{
  "simple_2d": {
    "history_length": 1000,
    "avg_computation_time_ms": 1.5437774658203125,
    "avg_alignment": 0.9960286300035659,
    "avg_correctness": 0.1834375,
    "avg_disagreement": 0.7178125,
    "avg_witness_correctness": 0.89875,
    "avg_judge_uncertainty": 0.7862426215410232,
    "avg_witness_uncertainty": 0.8713967168331146,
    "avg_alignment_improvement": -0.002094060129020363,
    "avg_correctness_improvement": 0.0446875,
    "avg_quadrant": 2.0,
    "avg_velocity": 0.06380359953204003
  },
  "neutrosophic": {
    "history_length": 1000,
    "avg_computation_time_ms": 1.8919637203216553,
    "avg_T": 0.5760457959885243,
    "avg_I": 0.4512966204790462,
    "avg_F": 0.40062290575885556,
    "avg_dT_dt": 0.027728433696779135,
    "avg_dI_dt": -0.04359512446999912,
    "avg_dF_dt": -0.1846491595185336,
    "avg_alignment": 0.9960286300035659,
    "avg_correctness": 0.1834375,
    "avg_improvement": 0.5212967199354899,
    "avg_weaver_uncertainty": 0.08677579700946808,
    "avg_witness_entropy": 0.4604629379206858,
    "avg_disagreement": 0.7178125,
    "avg_collusion": 0.6449013863337594,
    "avg_mode_collapse": 0.37250303435316456,
    "avg_gaming": 0.1030381363980082,
    "avg_state_class": 0.9
  },
  "bayesian": {
    "history_length": 1000,
    "avg_computation_time_ms": 13.044657945632935,
    "avg_alignment": 0.9960286300035659,
    "avg_correctness": 0.1834375,
    "avg_witness_epistemic_uncertainty": 0.008456300520338118,
    "avg_witness_predictive_entropy": 1.0793688517808915,
    "avg_judge_entropy": 0.9149233269691467,
    "avg_disagreement": 0.7178125,
    "avg_alignment_improvement": -0.002094060129020363,
    "avg_correctness_improvement": 0.0446875,
    "avg_state": 4.0
  }
}