{
  "simple_2d": {
    "history_length": 1000,
    "avg_computation_time_ms": 1.3991222381591797,
    "avg_alignment": 0.9970814121770673,
    "avg_correctness": 0.13375,
    "avg_disagreement": 0.80984375,
    "avg_witness_correctness": 0.93796875,
    "avg_judge_uncertainty": 0.8835981369018555,
    "avg_witness_uncertainty": 0.8885447078943253,
    "avg_alignment_improvement": -0.0009414320811629295,
    "avg_correctness_improvement": -0.0425,
    "avg_quadrant": 2.0,
    "avg_velocity": 0.07308339090011474
  },
  "neutrosophic": {
    "history_length": 1000,
    "avg_computation_time_ms": 1.740847110748291,
    "avg_T": 0.5479884216627107,
    "avg_I": 0.511020419932878,
    "avg_F": 0.4346968507431697,
    "avg_dT_dt": -0.020565123348927784,
    "avg_dI_dt": -0.005736479449785613,
    "avg_dF_dt": 0.06605385343162956,
    "avg_alignment": 0.9970814121770673,
    "avg_correctness": 0.13375,
    "avg_improvement": 0.47827928395941854,
    "avg_weaver_uncertainty": 0.01970667015761137,
    "avg_witness_entropy": 0.6039030629519819,
    "avg_disagreement": 0.80984375,
    "avg_collusion": 0.8285646204165538,
    "avg_mode_collapse": 0.21837090957700048,
    "avg_gaming": 0.12586576567816002,
    "avg_state_class": 2.29
  },
  "bayesian": {
    "history_length": 1000,
    "avg_computation_time_ms": 34.99108695983887,
    "avg_alignment": 0.9970814121770673,
    "avg_correctness": 0.13375,
    "avg_witness_epistemic_uncertainty": 0.009922822443768383,
    "avg_witness_predictive_entropy": 1.3860449039936065,
    "avg_judge_entropy": 1.5051945352554321,
    "avg_disagreement": 0.80984375,
    "avg_alignment_improvement": -0.0009414320811629295,
    "avg_correctness_improvement": -0.0425,
    "avg_state": 4.0
  }
}