{
  "simple_2d": {
    "history_length": 1000,
    "avg_computation_time_ms": 3.685002565383911,
    "avg_alignment": 0.597064462734852,
    "avg_correctness": 0.07859375,
    "avg_disagreement": 0.413125,
    "avg_witness_correctness": 0.48875,
    "avg_judge_uncertainty": 0.4681021523475647,
    "avg_witness_uncertainty": 0.45483526706695554,
    "avg_alignment_improvement": 0.12847701729508118,
    "avg_correctness_improvement": -0.01171875,
    "avg_quadrant": 1.2,
    "avg_velocity": 0.519501446581607
  },
  "neutrosophic": {
    "history_length": 1000,
    "avg_computation_time_ms": 27.193729639053345,
    "avg_T": 0.32245607752865185,
    "avg_I": 0.26066984476141813,
    "avg_F": 0.20822507424796516,
    "avg_dT_dt": 0.047305639935878725,
    "avg_dI_dt": 0.00273928398876843,
    "avg_dF_dt": 0.015201658298444866,
    "avg_alignment": 0.597064462734852,
    "avg_correctness": 0.07859375,
    "avg_improvement": 0.26096396217355505,
    "avg_weaver_uncertainty": 0.011957071637734771,
    "avg_witness_entropy": 0.30610907756699235,
    "avg_disagreement": 0.413125,
    "avg_collusion": 0.247302393916668,
    "avg_mode_collapse": 0.12878634519331744,
    "avg_gaming": 0.23556071041100915,
    "avg_state_class": 4.03
  },
  "bayesian": {
    "history_length": 1000,
    "avg_computation_time_ms": 10.351938486099243,
    "avg_alignment": 0.597064462734852,
    "avg_correctness": 0.07859375,
    "avg_witness_epistemic_uncertainty": 0.004119705990888178,
    "avg_witness_predictive_entropy": 0.7305089962482453,
    "avg_judge_entropy": 0.7035183560848236,
    "avg_disagreement": 0.413125,
    "avg_alignment_improvement": 0.12847701729508118,
    "avg_correctness_improvement": -0.01171875,
    "avg_state": 2.8
  }
}