{
  "simple_2d": {
    "history_length": 1000,
    "avg_computation_time_ms": 2.2698423862457275,
    "avg_alignment": 0.44783844919409604,
    "avg_correctness": 0.049375,
    "avg_disagreement": 0.31578125,
    "avg_witness_correctness": 0.325625,
    "avg_judge_uncertainty": 0.2518174085021019,
    "avg_witness_uncertainty": 0.44296215534210204,
    "avg_alignment_improvement": -0.010437308032996952,
    "avg_correctness_improvement": 0.02828125,
    "avg_quadrant": 0.9,
    "avg_velocity": 0.6328561289935969
  },
  "neutrosophic": {
    "history_length": 1000,
    "avg_computation_time_ms": 2.613691568374634,
    "avg_T": 0.24287406148714946,
    "avg_I": 0.1924348208996639,
    "avg_F": 0.22875304039815242,
    "avg_alignment": 0.44783844919409604,
    "avg_correctness": 0.049375,
    "avg_improvement": 0.2199434090475552,
    "avg_weaver_uncertainty": 0.007323322035372257,
    "avg_witness_entropy": 0.2130844142968408,
    "avg_disagreement": 0.31578125,
    "avg_collusion": 0.1867387214437258,
    "avg_mode_collapse": 0.1820876826073838,
    "avg_gaming": 0.3314374901281565,
    "avg_state_class": 4.84
  },
  "bayesian": {
    "history_length": 1000,
    "avg_computation_time_ms": 9.476972341537476,
    "avg_alignment": 0.44783844919409604,
    "avg_correctness": 0.049375,
    "avg_witness_epistemic_uncertainty": 0.005437142178416252,
    "avg_witness_predictive_entropy": 0.5616838520765305,
    "avg_judge_entropy": 0.18742175579071044,
    "avg_disagreement": 0.31578125,
    "avg_alignment_improvement": -0.010437308032996952,
    "avg_correctness_improvement": 0.02828125,
    "avg_state": 2.35
  }
}