{
  "simple_2d": {
    "history_length": 1000,
    "avg_computation_time_ms": 26.816309452056885,
    "avg_alignment": 0.5978193303500302,
    "avg_correctness": 0.0340625,
    "avg_disagreement": 0.340625,
    "avg_witness_correctness": 0.379375,
    "avg_judge_uncertainty": 0.3231942677497864,
    "avg_witness_uncertainty": 0.4805751532316208,
    "avg_alignment_improvement": 0.12904682609485463,
    "avg_correctness_improvement": 0.01296875,
    "avg_quadrant": 1.2,
    "avg_velocity": 0.4879357230358934
  },
  "neutrosophic": {
    "history_length": 1000,
    "avg_computation_time_ms": 5.092307090759277,
    "avg_T": 0.3061991411534837,
    "avg_I": 0.2118209180083626,
    "avg_F": 0.193384664204581,
    "avg_dT_dt": 0.062066839439090644,
    "avg_dI_dt": 0.0034439287492346593,
    "avg_dF_dt": 0.016167003315650044,
    "avg_alignment": 0.5978193303500302,
    "avg_correctness": 0.0340625,
    "avg_improvement": 0.2672320450673578,
    "avg_weaver_uncertainty": 0.005692613269202411,
    "avg_witness_entropy": 0.24621044675867299,
    "avg_disagreement": 0.340625,
    "avg_collusion": 0.25793333385193873,
    "avg_mode_collapse": 0.07646664769052643,
    "avg_gaming": 0.2242377878554919,
    "avg_state_class": 4.69
  },
  "bayesian": {
    "history_length": 1000,
    "avg_computation_time_ms": 15.695245027542114,
    "avg_alignment": 0.5978193303500302,
    "avg_correctness": 0.0340625,
    "avg_witness_epistemic_uncertainty": 0.006262566316872835,
    "avg_witness_predictive_entropy": 0.5996454840898514,
    "avg_judge_entropy": 0.2951121473312378,
    "avg_disagreement": 0.340625,
    "avg_alignment_improvement": 0.12904682609485463,
    "avg_correctness_improvement": 0.01296875,
    "avg_state": 2.8
  }
}