{
  "simple_2d": {
    "history_length": 1000,
    "avg_computation_time_ms": 2.304751396179199,
    "avg_alignment": 0.44870428821770475,
    "avg_correctness": 0.0784375,
    "avg_disagreement": 0.35203125,
    "avg_witness_correctness": 0.39390625,
    "avg_judge_uncertainty": 0.31598981261253356,
    "avg_witness_uncertainty": 0.41822813272476195,
    "avg_alignment_improvement": -0.0100565230025677,
    "avg_correctness_improvement": 0.04921875,
    "avg_quadrant": 0.9,
    "avg_velocity": 0.6435096132547684
  },
  "neutrosophic": {
    "history_length": 1000,
    "avg_computation_time_ms": 4.6508965492248535,
    "avg_T": 0.2556175725174835,
    "avg_I": 0.21761233437793429,
    "avg_F": 0.22406247932126075,
    "avg_alignment": 0.44870428821770475,
    "avg_correctness": 0.0784375,
    "avg_improvement": 0.22380428615200798,
    "avg_weaver_uncertainty": 0.005987973194569349,
    "avg_witness_entropy": 0.2500114747318783,
    "avg_disagreement": 0.35203125,
    "avg_collusion": 0.18254347135409263,
    "avg_mode_collapse": 0.17148051894531868,
    "avg_gaming": 0.3320031169867603,
    "avg_state_class": 4.86
  },
  "bayesian": {
    "history_length": 1000,
    "avg_computation_time_ms": 7.513458967208862,
    "avg_alignment": 0.44870428821770475,
    "avg_correctness": 0.0784375,
    "avg_witness_epistemic_uncertainty": 0.005915588559582829,
    "avg_witness_predictive_entropy": 0.6559979563951492,
    "avg_judge_entropy": 0.3790939277410507,
    "avg_disagreement": 0.35203125,
    "avg_alignment_improvement": -0.0100565230025677,
    "avg_correctness_improvement": 0.04921875,
    "avg_state": 2.35
  }
}