{
  "simple_2d": {
    "history_length": 1000,
    "avg_computation_time_ms": 2.8896238803863525,
    "avg_alignment": 0.5977523320988984,
    "avg_correctness": 0.07390625,
    "avg_disagreement": 0.3725,
    "avg_witness_correctness": 0.43,
    "avg_judge_uncertainty": 0.3670442217588425,
    "avg_witness_uncertainty": 0.45601119339466095,
    "avg_alignment_improvement": 0.1287112037121551,
    "avg_correctness_improvement": -0.03375,
    "avg_quadrant": 1.2,
    "avg_velocity": 0.5337333796819077
  },
  "neutrosophic": {
    "history_length": 1000,
    "avg_computation_time_ms": 4.253215551376343,
    "avg_T": 0.32020743956096703,
    "avg_I": 0.23095173620369797,
    "avg_F": 0.21303500386822158,
    "avg_dT_dt": 0.0404778707552696,
    "avg_dI_dt": 0.035614427787268824,
    "avg_dF_dt": 0.019462865189930897,
    "avg_alignment": 0.5977523320988984,
    "avg_correctness": 0.07390625,
    "avg_improvement": 0.2577200336070382,
    "avg_weaver_uncertainty": 0.009842149941250681,
    "avg_witness_entropy": 0.2633303040710758,
    "avg_disagreement": 0.3725,
    "avg_collusion": 0.25180405836283426,
    "avg_mode_collapse": 0.12612293380792322,
    "avg_gaming": 0.24825500126903638,
    "avg_state_class": 4.29
  },
  "bayesian": {
    "history_length": 1000,
    "avg_computation_time_ms": 9.540143728256226,
    "avg_alignment": 0.5977523320988984,
    "avg_correctness": 0.07390625,
    "avg_witness_epistemic_uncertainty": 0.006359495711512864,
    "avg_witness_predictive_entropy": 0.6304789763689042,
    "avg_judge_entropy": 0.45190380454063417,
    "avg_disagreement": 0.3725,
    "avg_alignment_improvement": 0.1287112037121551,
    "avg_correctness_improvement": -0.03375,
    "avg_state": 2.8
  }
}