{
  "simple_2d": {
    "history_length": 1000,
    "avg_computation_time_ms": 3.018310546875,
    "avg_alignment": 0.5692184234689921,
    "avg_correctness": 0.04265625,
    "avg_disagreement": 0.37265625,
    "avg_witness_correctness": 0.3621875,
    "avg_judge_uncertainty": 0.3873231679201126,
    "avg_witness_uncertainty": 0.4780171078443527,
    "avg_alignment_improvement": 0.029559406013577247,
    "avg_correctness_improvement": 0.02390625,
    "avg_quadrant": 1.14,
    "avg_velocity": 0.4932670787435414
  },
  "neutrosophic": {
    "history_length": 1000,
    "avg_computation_time_ms": 5.496291160583496,
    "avg_T": 0.2917364594959363,
    "avg_I": 0.21705957908549517,
    "avg_F": 0.25504188562724317,
    "avg_dT_dt": -0.0015920762001119162,
    "avg_dI_dt": -0.02731394104749537,
    "avg_dF_dt": -0.007860954219374825,
    "avg_alignment": 0.5692184234689921,
    "avg_correctness": 0.04265625,
    "avg_improvement": 0.23493295054169722,
    "avg_weaver_uncertainty": 0.003830446102656424,
    "avg_witness_entropy": 0.2228264841823275,
    "avg_disagreement": 0.37265625,
    "avg_collusion": 0.3005083849020121,
    "avg_mode_collapse": 0.16216812998317828,
    "avg_gaming": 0.28729364223828285,
    "avg_state_class": 4.68
  },
  "bayesian": {
    "history_length": 1000,
    "avg_computation_time_ms": 11.246447801589966,
    "avg_alignment": 0.5692184234689921,
    "avg_correctness": 0.04265625,
    "avg_witness_epistemic_uncertainty": 0.005534465732052922,
    "avg_witness_predictive_entropy": 0.5942444694042206,
    "avg_judge_entropy": 0.3772907257080078,
    "avg_disagreement": 0.37265625,
    "avg_alignment_improvement": 0.029559406013577247,
    "avg_correctness_improvement": 0.02390625,
    "avg_state": 2.71
  }
}