{
  "simple_2d": {
    "history_length": 1000,
    "avg_computation_time_ms": 4.080498695373535,
    "avg_alignment": 0.48834801456192506,
    "avg_correctness": 0.09796875,
    "avg_disagreement": 0.29953125,
    "avg_witness_correctness": 0.38015625,
    "avg_judge_uncertainty": 0.2227942255139351,
    "avg_witness_uncertainty": 0.4150209802389145,
    "avg_alignment_improvement": 0.03076547701843083,
    "avg_correctness_improvement": 0.01171875,
    "avg_quadrant": 0.98,
    "avg_velocity": 0.5192961236937055
  },
  "neutrosophic": {
    "history_length": 1000,
    "avg_computation_time_ms": 6.1932947635650635,
    "avg_T": 0.28275244797300547,
    "avg_I": 0.18241679343330983,
    "avg_F": 0.19963820795087223,
    "avg_dT_dt": -0.0022286910885072147,
    "avg_dI_dt": 0.002365215122491412,
    "avg_dF_dt": -0.022979724279779276,
    "avg_alignment": 0.48834801456192506,
    "avg_correctness": 0.09796875,
    "avg_improvement": 0.2411287107411772,
    "avg_weaver_uncertainty": 0.013966778870671987,
    "avg_witness_entropy": 0.19471419924036074,
    "avg_disagreement": 0.29953125,
    "avg_collusion": 0.17502129458146598,
    "avg_mode_collapse": 0.18519263767866234,
    "avg_gaming": 0.24690632938229043,
    "avg_state_class": 4.94
  },
  "bayesian": {
    "history_length": 1000,
    "avg_computation_time_ms": 20.20466375350952,
    "avg_alignment": 0.48834801456192506,
    "avg_correctness": 0.09796875,
    "avg_witness_epistemic_uncertainty": 0.0054222116339951755,
    "avg_witness_predictive_entropy": 0.45371437788009644,
    "avg_judge_entropy": 0.22607562005519866,
    "avg_disagreement": 0.29953125,
    "avg_alignment_improvement": 0.03076547701843083,
    "avg_correctness_improvement": 0.01171875,
    "avg_state": 2.47
  }
}