{
  "simple_2d": {
    "history_length": 2000,
    "avg_computation_time_ms": 1.3021633625030518,
    "avg_alignment": 0.9785511554591357,
    "avg_correctness": 0.17234375,
    "avg_disagreement": 0.63328125,
    "avg_witness_correctness": 0.8,
    "avg_judge_uncertainty": 0.5737641397118568,
    "avg_witness_uncertainty": 0.9068598735332489,
    "avg_alignment_improvement": -0.000664055198431015,
    "avg_correctness_improvement": -0.04203125,
    "avg_quadrant": 2.0,
    "avg_velocity": 0.07026014861703449
  },
  "neutrosophic": {
    "history_length": 2000,
    "avg_computation_time_ms": 1.4853086471557617,
    "avg_T": 0.5560884316638113,
    "avg_I": 0.3904662657492999,
    "avg_F": 0.42966667110054907,
    "avg_dT_dt": -0.022811520856030346,
    "avg_dI_dt": 0.04650153634084389,
    "avg_dF_dt": -0.007966011869592232,
    "avg_alignment": 0.9785511554591357,
    "avg_correctness": 0.17234375,
    "avg_improvement": 0.4786523474007845,
    "avg_weaver_uncertainty": 0.05904887177050114,
    "avg_witness_entropy": 0.39813034739383185,
    "avg_disagreement": 0.63328125,
    "avg_collusion": 0.7484063373597196,
    "avg_mode_collapse": 0.3168447075931413,
    "avg_gaming": 0.11750241292906273,
    "avg_state_class": 0.32
  },
  "curriculum_history": [],
  "exp_type": "baseline",
  "seed": 2,
  "total_steps": 2000,
  "training_time_seconds": 36.87183380126953
}