{
  "simple_2d": {
    "history_length": 1000,
    "avg_computation_time_ms": 2.489863634109497,
    "avg_alignment": 0.4884429022390395,
    "avg_correctness": 0.04265625,
    "avg_disagreement": 0.39203125,
    "avg_witness_correctness": 0.40703125,
    "avg_judge_uncertainty": 0.32461703091859817,
    "avg_witness_uncertainty": 0.4235323679447174,
    "avg_alignment_improvement": 0.031040947402361782,
    "avg_correctness_improvement": -0.02109375,
    "avg_quadrant": 0.98,
    "avg_velocity": 0.4894692823157014
  },
  "neutrosophic": {
    "history_length": 1000,
    "avg_computation_time_ms": 4.653736114501953,
    "avg_T": 0.25868951866868883,
    "avg_I": 0.2366574260560077,
    "avg_F": 0.17605897770384815,
    "avg_dT_dt": -0.02149273025927141,
    "avg_dI_dt": 0.028353037724870696,
    "avg_dF_dt": -0.026964003050507373,
    "avg_alignment": 0.4884429022390395,
    "avg_correctness": 0.04265625,
    "avg_improvement": 0.23124928886536508,
    "avg_weaver_uncertainty": 0.012330284900963306,
    "avg_witness_entropy": 0.2538194686190623,
    "avg_disagreement": 0.39203125,
    "avg_collusion": 0.18187167365144025,
    "avg_mode_collapse": 0.11229956339690997,
    "avg_gaming": 0.23206813074733015,
    "avg_state_class": 5.28
  },
  "bayesian": {
    "history_length": 1000,
    "avg_computation_time_ms": 9.906211137771606,
    "avg_alignment": 0.4884429022390395,
    "avg_correctness": 0.04265625,
    "avg_witness_epistemic_uncertainty": 0.005938873207196593,
    "avg_witness_predictive_entropy": 0.594598594903946,
    "avg_judge_entropy": 0.4121560844779015,
    "avg_disagreement": 0.39203125,
    "avg_alignment_improvement": 0.031040947402361782,
    "avg_correctness_improvement": -0.02109375,
    "avg_state": 2.47
  }
}