{
  "simple_2d": {
    "history_length": 2000,
    "avg_computation_time_ms": 1.4636691808700562,
    "avg_alignment": 0.9788441477715969,
    "avg_correctness": 0.18828125,
    "avg_disagreement": 0.54484375,
    "avg_witness_correctness": 0.7303125,
    "avg_judge_uncertainty": 0.379237015992403,
    "avg_witness_uncertainty": 0.871488521695137,
    "avg_alignment_improvement": 0.00036316026002168654,
    "avg_correctness_improvement": 0.0153125,
    "avg_quadrant": 2.0,
    "avg_velocity": 0.05987833376528165
  },
  "neutrosophic": {
    "history_length": 2000,
    "avg_computation_time_ms": 1.6071776151657104,
    "avg_T": 0.568417725134641,
    "avg_I": 0.34650683346459166,
    "avg_F": 0.46952541797811975,
    "avg_dT_dt": -0.003304471131167998,
    "avg_dI_dt": 0.01616428712817884,
    "avg_dF_dt": 0.0327606055553381,
    "avg_alignment": 0.9788441477715969,
    "avg_correctness": 0.18828125,
    "avg_improvement": 0.5078378301300108,
    "avg_weaver_uncertainty": 0.11655521228909492,
    "avg_witness_entropy": 0.31200923259287733,
    "avg_disagreement": 0.54484375,
    "avg_collusion": 0.7641289110601232,
    "avg_mode_collapse": 0.44881566338177187,
    "avg_gaming": 0.09743051513179633,
    "avg_state_class": 0.72
  },
  "curriculum_history": [],
  "exp_type": "baseline",
  "seed": 0,
  "total_steps": 2000,
  "training_time_seconds": 39.48326301574707
}