{
  "simple_2d": {
    "history_length": 1000,
    "avg_computation_time_ms": 22.336588382720947,
    "avg_alignment": 0.4990960048814304,
    "avg_correctness": 0.070625,
    "avg_disagreement": 0.37109375,
    "avg_witness_correctness": 0.41015625,
    "avg_judge_uncertainty": 0.32012175023555756,
    "avg_witness_uncertainty": 0.4925523215532303,
    "avg_alignment_improvement": 0.10142315269215033,
    "avg_correctness_improvement": 0.01,
    "avg_quadrant": 1.0,
    "avg_velocity": 0.6135055248235701
  },
  "neutrosophic": {
    "history_length": 1000,
    "avg_computation_time_ms": 4.499226808547974,
    "avg_T": 0.29557281181309375,
    "avg_I": 0.21515597083306173,
    "avg_F": 0.20364186380617894,
    "avg_dT_dt": 0.07014234012605998,
    "avg_dI_dt": -0.03629825817329572,
    "avg_dF_dt": 0.05504146462721557,
    "avg_alignment": 0.4990960048814304,
    "avg_correctness": 0.070625,
    "avg_improvement": 0.3384220493026078,
    "avg_weaver_uncertainty": 0.010169727886095643,
    "avg_witness_entropy": 0.21222517489077675,
    "avg_disagreement": 0.37109375,
    "avg_collusion": 0.238991490021724,
    "avg_mode_collapse": 0.08045139381441334,
    "avg_gaming": 0.2796994988438844,
    "avg_state_class": 4.51
  },
  "bayesian": {
    "history_length": 1000,
    "avg_computation_time_ms": 9.649155855178833,
    "avg_alignment": 0.4990960048814304,
    "avg_correctness": 0.070625,
    "avg_witness_epistemic_uncertainty": 0.005211765663698315,
    "avg_witness_predictive_entropy": 0.6120417320728302,
    "avg_judge_entropy": 0.36057114899158477,
    "avg_disagreement": 0.37109375,
    "avg_alignment_improvement": 0.10142315269215033,
    "avg_correctness_improvement": 0.01,
    "avg_state": 2.5
  }
}