{
  "simple_2d": {
    "history_length": 2000,
    "avg_computation_time_ms": 1.2676365375518799,
    "avg_alignment": 0.9899933317676186,
    "avg_correctness": 0.270625,
    "avg_disagreement": 0.71796875,
    "avg_witness_correctness": 0.98859375,
    "avg_judge_uncertainty": 0.893837354183197,
    "avg_witness_uncertainty": 0.8687001717090607,
    "avg_alignment_improvement": 0.0009568536654114724,
    "avg_correctness_improvement": 0.00390625,
    "avg_quadrant": 2.0,
    "avg_velocity": 0.06120044410173942
  },
  "neutrosophic": {
    "history_length": 2000,
    "avg_computation_time_ms": 1.4619041681289673,
    "avg_T": 0.6047336430735887,
    "avg_I": 0.484261013036167,
    "avg_F": 0.4301126205427419,
    "avg_dT_dt": 0.02156320196111998,
    "avg_dI_dt": -0.020961364808046577,
    "avg_dF_dt": -0.04621096203760831,
    "avg_alignment": 0.9899933317676186,
    "avg_correctness": 0.270625,
    "avg_improvement": 0.5024315518327057,
    "avg_weaver_uncertainty": 0.04038091648370028,
    "avg_witness_entropy": 0.6165307936368564,
    "avg_disagreement": 0.71796875,
    "avg_collusion": 0.6330201088990777,
    "avg_mode_collapse": 0.5002888151806085,
    "avg_gaming": 0.08939310809642746,
    "avg_state_class": 1.12
  },
  "curriculum_history": [],
  "exp_type": "scaffolding",
  "seed": 1,
  "total_steps": 2000,
  "training_time_seconds": 36.626426458358765
}