{
  "simple_2d": {
    "history_length": 1000,
    "avg_computation_time_ms": 1.6813280582427979,
    "avg_alignment": 0.9960720320383553,
    "avg_correctness": 0.28859375,
    "avg_disagreement": 0.6615625,
    "avg_witness_correctness": 0.9478125,
    "avg_judge_uncertainty": 0.8548760813474655,
    "avg_witness_uncertainty": 0.8689597147703171,
    "avg_alignment_improvement": -0.0021100511937402187,
    "avg_correctness_improvement": 0.1184375,
    "avg_quadrant": 2.0,
    "avg_velocity": 0.12221616635729468
  },
  "neutrosophic": {
    "history_length": 1000,
    "avg_computation_time_ms": 2.0766029357910156,
    "avg_T": 0.6254990576959681,
    "avg_I": 0.42382243358032423,
    "avg_F": 0.4224863326343231,
    "avg_dT_dt": 0.0373866231902922,
    "avg_dI_dt": 0.015477978210109536,
    "avg_dF_dt": 0.017668423850282472,
    "avg_alignment": 0.9960720320383553,
    "avg_correctness": 0.28859375,
    "avg_improvement": 0.5581637244031299,
    "avg_weaver_uncertainty": 0.010087866322137415,
    "avg_witness_entropy": 0.5205702456122766,
    "avg_disagreement": 0.6615625,
    "avg_collusion": 0.6557871556885825,
    "avg_mode_collapse": 0.3623967869508214,
    "avg_gaming": 0.17150811424547896,
    "avg_state_class": 0.48
  },
  "bayesian": {
    "history_length": 1000,
    "avg_computation_time_ms": 34.61513590812683,
    "avg_alignment": 0.9960720320383553,
    "avg_correctness": 0.28859375,
    "avg_witness_epistemic_uncertainty": 0.008594018579460681,
    "avg_witness_predictive_entropy": 1.1989901345968246,
    "avg_judge_entropy": 1.3216149753332138,
    "avg_disagreement": 0.6615625,
    "avg_alignment_improvement": -0.0021100511937402187,
    "avg_correctness_improvement": 0.1184375,
    "avg_state": 4.0
  }
}