{
  "simple_2d": {
    "history_length": 2000,
    "avg_computation_time_ms": 1.2947486639022827,
    "avg_alignment": 0.9872586061246693,
    "avg_correctness": 0.2271875,
    "avg_disagreement": 0.76890625,
    "avg_witness_correctness": 0.99609375,
    "avg_judge_uncertainty": 0.9308994835615159,
    "avg_witness_uncertainty": 0.864988362789154,
    "avg_alignment_improvement": 0.00032294122502207756,
    "avg_correctness_improvement": 0.0115625,
    "avg_quadrant": 2.0,
    "avg_velocity": 0.06484118753346635
  },
  "neutrosophic": {
    "history_length": 2000,
    "avg_computation_time_ms": 1.4875859022140503,
    "avg_T": 0.5869669865723699,
    "avg_I": 0.5157657062024852,
    "avg_F": 0.47650585026293113,
    "avg_dT_dt": 0.014003563841543354,
    "avg_dI_dt": 0.012504395920448967,
    "avg_dF_dt": -0.005651454207358879,
    "avg_alignment": 0.9872586061246693,
    "avg_correctness": 0.2271875,
    "avg_improvement": 0.505942720612511,
    "avg_weaver_uncertainty": 0.04724008765071631,
    "avg_witness_entropy": 0.6467705996909008,
    "avg_disagreement": 0.76890625,
    "avg_collusion": 0.7446872599496878,
    "avg_mode_collapse": 0.4957603599267821,
    "avg_gaming": 0.09967612768340472,
    "avg_state_class": 3.01
  },
  "curriculum_history": [],
  "exp_type": "advancement",
  "seed": 1,
  "total_steps": 2000,
  "training_time_seconds": 37.022581338882446
}