{
  "simple_2d": {
    "history_length": 1000,
    "avg_computation_time_ms": 2.5066041946411133,
    "avg_alignment": 0.999386889883026,
    "avg_correctness": 0.101875,
    "avg_disagreement": 0.09046875,
    "avg_witness_correctness": 0.100625,
    "avg_judge_uncertainty": 0.827081977725029,
    "avg_witness_uncertainty": 0.9049194228649139,
    "avg_alignment_improvement": 0.0005826309489202685,
    "avg_correctness_improvement": 0.00328125,
    "avg_quadrant": 2.0,
    "avg_velocity": 0.04459778389714899
  },
  "neutrosophic": {
    "history_length": 1000,
    "avg_computation_time_ms": 3.3744475841522217,
    "avg_T": 0.5408911440481025,
    "avg_I": 0.29518108129545767,
    "avg_F": 0.5836014864254997,
    "avg_dT_dt": -0.0018921581290319192,
    "avg_dI_dt": -0.005287771199660495,
    "avg_dF_dt": 0.024770118859273577,
    "avg_alignment": 0.999386889883026,
    "avg_correctness": 0.101875,
    "avg_improvement": 0.5019319404744601,
    "avg_weaver_uncertainty": 0.026548054851591587,
    "avg_witness_entropy": 0.8367638827999341,
    "avg_disagreement": 0.09046875,
    "avg_collusion": 0.8769762518516255,
    "avg_mode_collapse": 0.6960957846047243,
    "avg_gaming": 0.07994083434477373,
    "avg_state_class": 4.0
  },
  "bayesian": {
    "history_length": 1000,
    "avg_computation_time_ms": 17.920148849487305,
    "avg_alignment": 0.999386889883026,
    "avg_correctness": 0.101875,
    "avg_witness_epistemic_uncertainty": 0.010622139610350132,
    "avg_witness_predictive_entropy": 1.9535611522197724,
    "avg_judge_entropy": 0.7777395009994507,
    "avg_disagreement": 0.09046875,
    "avg_alignment_improvement": 0.0005826309489202685,
    "avg_correctness_improvement": 0.00328125,
    "avg_state": 4.0
  }
}