{
  "simple_2d": {
    "history_length": 1000,
    "avg_computation_time_ms": 1.760453462600708,
    "avg_alignment": 0.9973617622838356,
    "avg_correctness": 0.20875,
    "avg_disagreement": 0.608125,
    "avg_witness_correctness": 0.8059375,
    "avg_judge_uncertainty": 0.5633184543251991,
    "avg_witness_uncertainty": 0.8635755050182342,
    "avg_alignment_improvement": 0.001357862686854787,
    "avg_correctness_improvement": 0.04875,
    "avg_quadrant": 2.0,
    "avg_velocity": 0.08163458053488042
  },
  "neutrosophic": {
    "history_length": 1000,
    "avg_computation_time_ms": 2.2593467235565186,
    "avg_T": 0.5874554911822197,
    "avg_I": 0.36561191359147976,
    "avg_F": 0.4067779154597349,
    "avg_dT_dt": 0.056157556079917924,
    "avg_dI_dt": 0.014720206671500752,
    "avg_dF_dt": -0.019023199637979,
    "avg_alignment": 0.9973617622838356,
    "avg_correctness": 0.20875,
    "avg_improvement": 0.5250539313434274,
    "avg_weaver_uncertainty": 0.012402722635306418,
    "avg_witness_entropy": 0.3954703226696261,
    "avg_disagreement": 0.608125,
    "avg_collusion": 0.6997035331327752,
    "avg_mode_collapse": 0.2950816319176884,
    "avg_gaming": 0.1279067087710609,
    "avg_state_class": 0.2
  },
  "bayesian": {
    "history_length": 1000,
    "avg_computation_time_ms": 14.216633319854736,
    "avg_alignment": 0.9973617622838356,
    "avg_correctness": 0.20875,
    "avg_witness_epistemic_uncertainty": 0.010649212459102273,
    "avg_witness_predictive_entropy": 0.93443255007267,
    "avg_judge_entropy": 0.4497245982289314,
    "avg_disagreement": 0.608125,
    "avg_alignment_improvement": 0.001357862686854787,
    "avg_correctness_improvement": 0.04875,
    "avg_state": 4.0
  }
}