{
  "simple_2d": {
    "history_length": 1000,
    "avg_computation_time_ms": 2.102332830429077,
    "avg_alignment": 0.9984136755310464,
    "avg_correctness": 0.14078125,
    "avg_disagreement": 0.79140625,
    "avg_witness_correctness": 0.93140625,
    "avg_judge_uncertainty": 0.8522721928358078,
    "avg_witness_uncertainty": 0.8947876936197281,
    "avg_alignment_improvement": 0.0026407689822372047,
    "avg_correctness_improvement": 0.0384375,
    "avg_quadrant": 2.0,
    "avg_velocity": 0.08246127373471322
  },
  "neutrosophic": {
    "history_length": 1000,
    "avg_computation_time_ms": 2.681936502456665,
    "avg_T": 0.5597857971106424,
    "avg_I": 0.4855101364874234,
    "avg_F": 0.4677301254041562,
    "avg_dT_dt": -0.01811992830822302,
    "avg_dI_dt": 0.0657667808327404,
    "avg_dF_dt": 0.04763430572701914,
    "avg_alignment": 0.9984136755310464,
    "avg_correctness": 0.14078125,
    "avg_improvement": 0.5205391344911185,
    "avg_weaver_uncertainty": 0.015205475809052587,
    "avg_witness_entropy": 0.5479533124823587,
    "avg_disagreement": 0.79140625,
    "avg_collusion": 0.8079615212330136,
    "avg_mode_collapse": 0.3405628779480752,
    "avg_gaming": 0.1412555117550941,
    "avg_state_class": 1.86
  },
  "bayesian": {
    "history_length": 1000,
    "avg_computation_time_ms": 17.880441427230835,
    "avg_alignment": 0.9984136755310464,
    "avg_correctness": 0.14078125,
    "avg_witness_epistemic_uncertainty": 0.00825533652678132,
    "avg_witness_predictive_entropy": 1.2973039042949677,
    "avg_judge_entropy": 1.3122677981853486,
    "avg_disagreement": 0.79140625,
    "avg_alignment_improvement": 0.0026407689822372047,
    "avg_correctness_improvement": 0.0384375,
    "avg_state": 4.0
  }
}