{
  "simple_2d": {
    "history_length": 1000,
    "avg_computation_time_ms": 2.7586398124694824,
    "avg_alignment": 0.5983489141881,
    "avg_correctness": 0.05921875,
    "avg_disagreement": 0.37765625,
    "avg_witness_correctness": 0.441875,
    "avg_judge_uncertainty": 0.41518747627735136,
    "avg_witness_uncertainty": 0.4691493809223175,
    "avg_alignment_improvement": 0.1293264518940123,
    "avg_correctness_improvement": -0.0203125,
    "avg_quadrant": 1.2,
    "avg_velocity": 0.5141567718881643
  },
  "neutrosophic": {
    "history_length": 1000,
    "avg_computation_time_ms": 3.997006416320801,
    "avg_T": 0.31499780122091764,
    "avg_I": 0.23575193056726643,
    "avg_F": 0.21416169250862313,
    "avg_dT_dt": 0.0509548082603421,
    "avg_dI_dt": -0.002617948498996068,
    "avg_dF_dt": 0.02069973175568469,
    "avg_alignment": 0.5983489141881,
    "avg_correctness": 0.05921875,
    "avg_improvement": 0.25985367772838797,
    "avg_weaver_uncertainty": 0.011235558493062854,
    "avg_witness_entropy": 0.27106254339782526,
    "avg_disagreement": 0.37765625,
    "avg_collusion": 0.25080874355095567,
    "avg_mode_collapse": 0.13932529518804707,
    "avg_gaming": 0.24013535510608922,
    "avg_state_class": 4.45
  },
  "bayesian": {
    "history_length": 1000,
    "avg_computation_time_ms": 8.585689783096313,
    "avg_alignment": 0.5983489141881,
    "avg_correctness": 0.05921875,
    "avg_witness_epistemic_uncertainty": 0.006182592716068029,
    "avg_witness_predictive_entropy": 0.6512606811523437,
    "avg_judge_entropy": 0.45512259483337403,
    "avg_disagreement": 0.37765625,
    "avg_alignment_improvement": 0.1293264518940123,
    "avg_correctness_improvement": -0.0203125,
    "avg_state": 2.8
  }
}