{
  "simple_2d": {
    "history_length": 1000,
    "avg_computation_time_ms": 3.6608684062957764,
    "avg_alignment": 0.9973961537517607,
    "avg_correctness": 0.115,
    "avg_disagreement": 0.7325,
    "avg_witness_correctness": 0.8378125,
    "avg_judge_uncertainty": 0.7413228917121887,
    "avg_witness_uncertainty": 0.919812091588974,
    "avg_alignment_improvement": 0.001663738279021345,
    "avg_correctness_improvement": -0.00734375,
    "avg_quadrant": 2.0,
    "avg_velocity": 0.09986247907591549
  },
  "neutrosophic": {
    "history_length": 1000,
    "avg_computation_time_ms": 5.786414861679077,
    "avg_T": 0.5443904603286065,
    "avg_I": 0.4475500589108134,
    "avg_F": 0.42041099714130803,
    "avg_dT_dt": 0.03792504450319395,
    "avg_dI_dt": 0.0053401267438611755,
    "avg_dF_dt": -0.1081703702745991,
    "avg_alignment": 0.9973961537517607,
    "avg_correctness": 0.115,
    "avg_improvement": 0.4971599941395107,
    "avg_weaver_uncertainty": 0.012604953637346625,
    "avg_witness_entropy": 0.5025619093986979,
    "avg_disagreement": 0.7325,
    "avg_collusion": 0.7240728154623617,
    "avg_mode_collapse": 0.2608181550097321,
    "avg_gaming": 0.17512141484481258,
    "avg_state_class": 0.82
  },
  "bayesian": {
    "history_length": 1000,
    "avg_computation_time_ms": 48.821080684661865,
    "avg_alignment": 0.9973961537517607,
    "avg_correctness": 0.115,
    "avg_witness_epistemic_uncertainty": 0.011138372141867876,
    "avg_witness_predictive_entropy": 1.1689010608196257,
    "avg_judge_entropy": 0.8657131332159043,
    "avg_disagreement": 0.7325,
    "avg_alignment_improvement": 0.001663738279021345,
    "avg_correctness_improvement": -0.00734375,
    "avg_state": 4.0
  }
}