{
  "simple_2d": {
    "history_length": 1000,
    "avg_computation_time_ms": 2.3498551845550537,
    "avg_alignment": 0.5976764395582722,
    "avg_correctness": 0.13109375,
    "avg_disagreement": 0.335,
    "avg_witness_correctness": 0.46984375,
    "avg_judge_uncertainty": 0.44213819682598116,
    "avg_witness_uncertainty": 0.4458013266324997,
    "avg_alignment_improvement": 0.1285973549186019,
    "avg_correctness_improvement": 0.078125,
    "avg_quadrant": 1.2,
    "avg_velocity": 0.5364130174489223
  },
  "neutrosophic": {
    "history_length": 1000,
    "avg_computation_time_ms": 5.628307580947876,
    "avg_T": 0.3471540217705188,
    "avg_I": 0.2248137811696683,
    "avg_F": 0.19976538935899155,
    "avg_dT_dt": 0.07623803524091835,
    "avg_dI_dt": -0.03852072366362276,
    "avg_dF_dt": 0.0015175676643744444,
    "avg_alignment": 0.5976764395582722,
    "avg_correctness": 0.13109375,
    "avg_improvement": 0.2782297297360492,
    "avg_weaver_uncertainty": 0.02231626436114311,
    "avg_witness_entropy": 0.28039633953775117,
    "avg_disagreement": 0.335,
    "avg_collusion": 0.23500956483157798,
    "avg_mode_collapse": 0.1101395926708334,
    "avg_gaming": 0.242398952083701,
    "avg_state_class": 3.86
  },
  "bayesian": {
    "history_length": 1000,
    "avg_computation_time_ms": 7.523751735687256,
    "avg_alignment": 0.5976764395582722,
    "avg_correctness": 0.13109375,
    "avg_witness_epistemic_uncertainty": 0.0053714562579989435,
    "avg_witness_predictive_entropy": 0.6454457151889801,
    "avg_judge_entropy": 0.6096866917610169,
    "avg_disagreement": 0.335,
    "avg_alignment_improvement": 0.1285973549186019,
    "avg_correctness_improvement": 0.078125,
    "avg_state": 2.8
  }
}