{
  "simple_2d": {
    "history_length": 1000,
    "avg_computation_time_ms": 3.0157546997070312,
    "avg_alignment": 0.988748590303585,
    "avg_correctness": 0.09640625,
    "avg_disagreement": 0.710625,
    "avg_witness_correctness": 0.79890625,
    "avg_judge_uncertainty": 0.6276652616262436,
    "avg_witness_uncertainty": 0.930529722571373,
    "avg_alignment_improvement": -0.004127528185490519,
    "avg_correctness_improvement": 0.0046875,
    "avg_quadrant": 2.0,
    "avg_velocity": 0.049804910365161444
  },
  "neutrosophic": {
    "history_length": 1000,
    "avg_computation_time_ms": 6.156134605407715,
    "avg_T": 0.5341179333028849,
    "avg_I": 0.42539027195907086,
    "avg_F": 0.4656553709388563,
    "avg_dT_dt": 0.01042641819895581,
    "avg_dI_dt": -0.011818764324189032,
    "avg_dF_dt": -0.03178406178365813,
    "avg_alignment": 0.988748590303585,
    "avg_correctness": 0.09640625,
    "avg_improvement": 0.5002799859072548,
    "avg_weaver_uncertainty": 0.027907445011660457,
    "avg_witness_entropy": 0.4425601281852425,
    "avg_disagreement": 0.710625,
    "avg_collusion": 0.862686906720115,
    "avg_mode_collapse": 0.3119933256655645,
    "avg_gaming": 0.08994203517046975,
    "avg_state_class": 0.6
  },
  "bayesian": {
    "history_length": 1000,
    "avg_computation_time_ms": 19.255126476287842,
    "avg_alignment": 0.988748590303585,
    "avg_correctness": 0.09640625,
    "avg_witness_epistemic_uncertainty": 0.011118760956451297,
    "avg_witness_predictive_entropy": 1.0495276135206222,
    "avg_judge_entropy": 0.5418269035220146,
    "avg_disagreement": 0.710625,
    "avg_alignment_improvement": -0.004127528185490519,
    "avg_correctness_improvement": 0.0046875,
    "avg_state": 4.0
  }
}