{
  "simple_2d": {
    "history_length": 1000,
    "avg_computation_time_ms": 2.354835271835327,
    "avg_alignment": 0.5977501612727064,
    "avg_correctness": 0.10546875,
    "avg_disagreement": 0.32140625,
    "avg_witness_correctness": 0.44,
    "avg_judge_uncertainty": 0.40501155018806456,
    "avg_witness_uncertainty": 0.45195267677307127,
    "avg_alignment_improvement": 0.1285075515450444,
    "avg_correctness_improvement": 0.0346875,
    "avg_quadrant": 1.2,
    "avg_velocity": 0.5240643135354248
  },
  "neutrosophic": {
    "history_length": 1000,
    "avg_computation_time_ms": 3.3397374153137207,
    "avg_T": 0.33462331567355436,
    "avg_I": 0.22335094310342427,
    "avg_F": 0.21219301538377688,
    "avg_dT_dt": 0.06347062756558758,
    "avg_dI_dt": -0.03659837832114407,
    "avg_dF_dt": 0.01855541610651247,
    "avg_alignment": 0.5977501612727064,
    "avg_correctness": 0.10546875,
    "avg_improvement": 0.26667875582235867,
    "avg_weaver_uncertainty": 0.054105830267071726,
    "avg_witness_entropy": 0.2618556467443425,
    "avg_disagreement": 0.32140625,
    "avg_collusion": 0.2419814456706977,
    "avg_mode_collapse": 0.14920826420917022,
    "avg_gaming": 0.2354598595091558,
    "avg_state_class": 4.27
  },
  "bayesian": {
    "history_length": 1000,
    "avg_computation_time_ms": 31.824622631072998,
    "avg_alignment": 0.5977501612727064,
    "avg_correctness": 0.10546875,
    "avg_witness_epistemic_uncertainty": 0.004886510926298797,
    "avg_witness_predictive_entropy": 0.6206188160181045,
    "avg_judge_entropy": 0.5079011839628219,
    "avg_disagreement": 0.32140625,
    "avg_alignment_improvement": 0.1285075515450444,
    "avg_correctness_improvement": 0.0346875,
    "avg_state": 2.8
  }
}