{
  "pedagogical": {
    "train_history": {
      "train_loss": [
        0.6247935649007559,
        0.38759589940309525,
        0.25962374545633793,
        0.22098196670413017,
        0.2005145880393684,
        0.16921630408614874,
        0.1253219386562705,
        0.14995581470429897,
        0.17206348897889256,
        0.12748261587694287,
        0.13995553134009242,
        0.13076835707761347,
        0.11237046029418707,
        0.11135298130102456,
        0.10737215261906385,
        0.09636693797074258,
        0.0967049680184573,
        0.11471928819082677,
        0.09671174769755453,
        0.10855581611394882,
        0.07416438905056566,
        0.08084581885486841,
        0.04413612658390775,
        0.059014631202444434,
        0.074692377820611,
        0.05747548339422792,
        0.049504934693686664,
        0.059549949248321354,
        0.04494277131743729,
        0.05349873041268438,
        0.059234456944977865,
        0.05354936304502189,
        0.0531861538765952,
        0.036816024919971824,
        0.03602240781765431,
        0.03157036274205893,
        0.0399869495886378,
        0.0696855696151033,
        0.032167302328161895,
        0.028450490164686926,
        0.04344205038796645,
        0.034094575719791465,
        0.03602053300710395,
        0.036483279429376125,
        0.03575910977087915,
        0.05588833492947742,
        0.04824711961555295,
        0.035275581933092326,
        0.019609774666605517,
        0.026531993818935007
      ],
      "train_acc": [
        64.9,
        85.9,
        89.4,
        90.6,
        92.3,
        93.6,
        95.8,
        93.7,
        93.0,
        95.1,
        95.1,
        94.2,
        95.9,
        95.4,
        95.8,
        96.3,
        96.7,
        96.0,
        95.7,
        95.5,
        97.0,
        97.2,
        98.8,
        97.8,
        97.5,
        98.1,
        98.2,
        98.0,
        98.6,
        97.8,
        98.1,
        98.3,
        98.3,
        98.9,
        98.8,
        99.1,
        98.5,
        97.5,
        98.6,
        99.1,
        98.6,
        98.7,
        98.9,
        98.6,
        98.6,
        98.0,
        98.7,
        98.7,
        99.8,
        98.9
      ]
    },
    "test_accuracy": 40.2,
    "test_correct": 201,
    "test_total": 500
  },
  "adversarial": {
    "train_history": {
      "train_loss": [
        0.2784979088464752,
        0.016353565573808737,
        0.003293203430075664,
        0.0016798069973447127,
        0.0009418088366146549,
        0.0006435139816858282,
        0.00024127094593495713,
        0.00041672069892229047,
        0.00015910248544059868,
        0.00022255850933561305,
        0.0001430815088951931,
        0.00016820040036691353,
        0.00012908964527014177,
        0.0002500912120240173,
        0.00012792637630809622,
        0.00016946749269663997,
        0.00012474971276787983,
        9.120256294181672e-05,
        0.00012152072599747044,
        8.343974832314416e-05,
        5.153899643062232e-05,
        7.08798217488038e-05,
        4.6106525587674696e-05,
        4.497822408211505e-05,
        3.3646791621322336e-05,
        5.002990234004301e-05,
        6.228051614698416e-05,
        3.5544210589932845e-05,
        1.644695353775205e-05,
        1.797696326377718e-05,
        2.8236338778242498e-05,
        2.316395099910551e-05,
        1.958322430084536e-05,
        2.667889008733937e-05,
        2.5988979700741766e-05,
        9.1426378929782e-06,
        1.3084575552824163e-05,
        7.852803776131623e-06,
        1.0313938826556068e-05,
        9.433692461868759e-06,
        1.0746521279969556e-05,
        1.899030114316247e-05,
        1.0271986560894675e-05,
        1.4380162124183471e-05,
        8.975098239716317e-06,
        1.5301997422056957e-05,
        5.501356051951234e-05,
        2.2121178623990545e-05,
        1.5831485669082213e-05,
        1.1838817911780097e-05
      ],
      "train_acc": [
        91.4,
        99.8,
        100.0,
        100.0,
        100.0,
        100.0,
        100.0,
        100.0,
        100.0,
        100.0,
        100.0,
        100.0,
        100.0,
        100.0,
        100.0,
        100.0,
        100.0,
        100.0,
        100.0,
        100.0,
        100.0,
        100.0,
        100.0,
        100.0,
        100.0,
        100.0,
        100.0,
        100.0,
        100.0,
        100.0,
        100.0,
        100.0,
        100.0,
        100.0,
        100.0,
        100.0,
        100.0,
        100.0,
        100.0,
        100.0,
        100.0,
        100.0,
        100.0,
        100.0,
        100.0,
        100.0,
        100.0,
        100.0,
        100.0,
        100.0
      ]
    },
    "test_accuracy": 57.2,
    "test_correct": 286,
    "test_total": 500
  }
}