{
  "simple_2d": {
    "history_length": 1000,
    "avg_computation_time_ms": 2.633765459060669,
    "avg_alignment": 0.9977211296930909,
    "avg_correctness": 0.17828125,
    "avg_disagreement": 0.6496875,
    "avg_witness_correctness": 0.82515625,
    "avg_judge_uncertainty": 0.6229433542490006,
    "avg_witness_uncertainty": 0.9160812032222748,
    "avg_alignment_improvement": 0.0034207258955575525,
    "avg_correctness_improvement": -0.0109375,
    "avg_quadrant": 2.0,
    "avg_velocity": 0.06284839817876735
  },
  "neutrosophic": {
    "history_length": 1000,
    "avg_computation_time_ms": 3.3241987228393555,
    "avg_T": 0.5696492744667921,
    "avg_I": 0.4030974524077877,
    "avg_F": 0.4298057074982971,
    "avg_dT_dt": -0.025236687027817336,
    "avg_dI_dt": 0.028356034705564772,
    "avg_dF_dt": 0.033134343014940296,
    "avg_alignment": 0.9977211296930909,
    "avg_correctness": 0.17828125,
    "avg_improvement": 0.4962416129477788,
    "avg_weaver_uncertainty": 0.02757508197799325,
    "avg_witness_entropy": 0.4498330927146325,
    "avg_disagreement": 0.6496875,
    "avg_collusion": 0.7459015507234131,
    "avg_mode_collapse": 0.33366597854860897,
    "avg_gaming": 0.10448431214783033,
    "avg_state_class": 0.64
  },
  "bayesian": {
    "history_length": 1000,
    "avg_computation_time_ms": 20.03592300415039,
    "avg_alignment": 0.9977211296930909,
    "avg_correctness": 0.17828125,
    "avg_witness_epistemic_uncertainty": 0.008963014599867165,
    "avg_witness_predictive_entropy": 1.0651076209545136,
    "avg_judge_entropy": 0.7264501157402993,
    "avg_disagreement": 0.6496875,
    "avg_alignment_improvement": 0.0034207258955575525,
    "avg_correctness_improvement": -0.0109375,
    "avg_state": 4.0
  }
}