{
  "simple_2d": {
    "history_length": 1000,
    "avg_computation_time_ms": 2.3395609855651855,
    "avg_alignment": 0.5698036811000202,
    "avg_correctness": 0.076875,
    "avg_disagreement": 0.36078125,
    "avg_witness_correctness": 0.37875,
    "avg_judge_uncertainty": 0.41753500282764433,
    "avg_witness_uncertainty": 0.466194651722908,
    "avg_alignment_improvement": 0.03028517937724246,
    "avg_correctness_improvement": -0.03609375,
    "avg_quadrant": 1.14,
    "avg_velocity": 0.5301440196628467
  },
  "neutrosophic": {
    "history_length": 1000,
    "avg_computation_time_ms": 3.3507437705993652,
    "avg_T": 0.3032909323943459,
    "avg_I": 0.21722515559606614,
    "avg_F": 0.24864847946985807,
    "avg_dT_dt": -0.008531872551245111,
    "avg_dI_dt": -0.014150007265468603,
    "avg_dF_dt": 0.0005025626923484626,
    "avg_alignment": 0.5698036811000202,
    "avg_correctness": 0.076875,
    "avg_improvement": 0.223097299771689,
    "avg_weaver_uncertainty": 0.008503797361627222,
    "avg_witness_entropy": 0.23453838795859322,
    "avg_disagreement": 0.36078125,
    "avg_collusion": 0.2938474350383983,
    "avg_mode_collapse": 0.12593731640377223,
    "avg_gaming": 0.311094368444557,
    "avg_state_class": 4.69
  },
  "bayesian": {
    "history_length": 1000,
    "avg_computation_time_ms": 7.451971769332886,
    "avg_alignment": 0.5698036811000202,
    "avg_correctness": 0.076875,
    "avg_witness_epistemic_uncertainty": 0.008209343338385224,
    "avg_witness_predictive_entropy": 0.6343116772174835,
    "avg_judge_entropy": 0.4718727880716324,
    "avg_disagreement": 0.36078125,
    "avg_alignment_improvement": 0.03028517937724246,
    "avg_correctness_improvement": -0.03609375,
    "avg_state": 2.71
  }
}