{
  "simple_2d": {
    "history_length": 2000,
    "avg_computation_time_ms": 1.2980421781539917,
    "avg_alignment": 0.9786915209703148,
    "avg_correctness": 0.156875,
    "avg_disagreement": 0.5465625,
    "avg_witness_correctness": 0.70078125,
    "avg_judge_uncertainty": 0.40461163520812987,
    "avg_witness_uncertainty": 0.9048285800218582,
    "avg_alignment_improvement": 0.0006650474853813649,
    "avg_correctness_improvement": -0.00546875,
    "avg_quadrant": 2.0,
    "avg_velocity": 0.06966624366388562
  },
  "neutrosophic": {
    "history_length": 2000,
    "avg_computation_time_ms": 1.739428162574768,
    "avg_T": 0.553746238136664,
    "avg_I": 0.3499512392601068,
    "avg_F": 0.43297617522936305,
    "avg_dT_dt": 0.009173937871980876,
    "avg_dI_dt": -0.03222235430606407,
    "avg_dF_dt": -0.14943132269000783,
    "avg_alignment": 0.9786915209703148,
    "avg_correctness": 0.156875,
    "avg_improvement": 0.4975981487426907,
    "avg_weaver_uncertainty": 0.1166939614713192,
    "avg_witness_entropy": 0.3210601693957035,
    "avg_disagreement": 0.5465625,
    "avg_collusion": 0.666635555389595,
    "avg_mode_collapse": 0.4361281669152065,
    "avg_gaming": 0.11827834332987691,
    "avg_state_class": 1.36
  },
  "curriculum_history": [],
  "exp_type": "advancement",
  "seed": 0,
  "total_steps": 2000,
  "training_time_seconds": 36.413494348526
}