{
  "simple_2d": {
    "history_length": 1000,
    "avg_computation_time_ms": 3.547647714614868,
    "avg_alignment": 0.4286830986163113,
    "avg_correctness": 0.00375,
    "avg_disagreement": 0.2890625,
    "avg_witness_correctness": 0.2671875,
    "avg_judge_uncertainty": 0.18897214874625207,
    "avg_witness_uncertainty": 0.4919403254985809,
    "avg_alignment_improvement": -0.13812451661913655,
    "avg_correctness_improvement": -0.019375,
    "avg_quadrant": 0.86,
    "avg_velocity": 0.5092466447511269
  },
  "neutrosophic": {
    "history_length": 1000,
    "avg_computation_time_ms": 2.696451425552368,
    "avg_T": 0.20869712886936032,
    "avg_I": 0.17580904864275898,
    "avg_F": 0.20887162537417986,
    "avg_alignment": 0.4286830986163113,
    "avg_correctness": 0.00375,
    "avg_improvement": 0.1786194471141789,
    "avg_weaver_uncertainty": 0.014464854830875992,
    "avg_witness_entropy": 0.1861486406449872,
    "avg_disagreement": 0.2890625,
    "avg_collusion": 0.21805781622413634,
    "avg_mode_collapse": 0.15094268877756312,
    "avg_gaming": 0.25455230750418795,
    "avg_state_class": 5.38
  },
  "bayesian": {
    "history_length": 1000,
    "avg_computation_time_ms": 28.51383328437805,
    "avg_alignment": 0.4286830986163113,
    "avg_correctness": 0.00375,
    "avg_witness_epistemic_uncertainty": 0.005633176947012544,
    "avg_witness_predictive_entropy": 0.5441818112134933,
    "avg_judge_entropy": 0.11157977551221848,
    "avg_disagreement": 0.2890625,
    "avg_alignment_improvement": -0.13812451661913655,
    "avg_correctness_improvement": -0.019375,
    "avg_state": 2.29
  }
}