{
  "simple_2d": {
    "history_length": 1000,
    "avg_computation_time_ms": 6.338902235031128,
    "avg_alignment": 0.4892126940318849,
    "avg_correctness": 0.05921875,
    "avg_disagreement": 0.3590625,
    "avg_witness_correctness": 0.385625,
    "avg_judge_uncertainty": 0.24361245214939117,
    "avg_witness_uncertainty": 0.4206141835451126,
    "avg_alignment_improvement": 0.03100424660719,
    "avg_correctness_improvement": -0.01015625,
    "avg_quadrant": 0.98,
    "avg_velocity": 0.49780924069715043
  },
  "neutrosophic": {
    "history_length": 1000,
    "avg_computation_time_ms": 6.078038215637207,
    "avg_T": 0.2666824952171883,
    "avg_I": 0.21859374401636736,
    "avg_F": 0.18002398997730654,
    "avg_dT_dt": -0.008174391486472294,
    "avg_dI_dt": 0.012074215141763206,
    "avg_dF_dt": -0.03084833280654428,
    "avg_alignment": 0.4892126940318849,
    "avg_correctness": 0.05921875,
    "avg_improvement": 0.23654958802217152,
    "avg_weaver_uncertainty": 0.020245405714958906,
    "avg_witness_entropy": 0.22965040767293224,
    "avg_disagreement": 0.3590625,
    "avg_collusion": 0.1790752244984,
    "avg_mode_collapse": 0.118791757431499,
    "avg_gaming": 0.24252124316165616,
    "avg_state_class": 5.22
  },
  "bayesian": {
    "history_length": 1000,
    "avg_computation_time_ms": 40.806397676467896,
    "avg_alignment": 0.4892126940318849,
    "avg_correctness": 0.05921875,
    "avg_witness_epistemic_uncertainty": 0.006197431478649378,
    "avg_witness_predictive_entropy": 0.5349598616361618,
    "avg_judge_entropy": 0.28067660331726074,
    "avg_disagreement": 0.3590625,
    "avg_alignment_improvement": 0.03100424660719,
    "avg_correctness_improvement": -0.01015625,
    "avg_state": 2.47
  }
}