{
  "simple_2d": {
    "history_length": 1000,
    "avg_computation_time_ms": 2.324772834777832,
    "avg_alignment": 0.4463670505164191,
    "avg_correctness": 0.009375,
    "avg_disagreement": 0.3215625,
    "avg_witness_correctness": 0.308125,
    "avg_judge_uncertainty": 0.24918249368667603,
    "avg_witness_uncertainty": 0.4622368973493576,
    "avg_alignment_improvement": -0.01121713422704488,
    "avg_correctness_improvement": -0.061875,
    "avg_quadrant": 0.9,
    "avg_velocity": 0.6413740079943965
  },
  "neutrosophic": {
    "history_length": 1000,
    "avg_computation_time_ms": 2.6504437923431396,
    "avg_T": 0.22279079531366008,
    "avg_I": 0.2240698444313035,
    "avg_F": 0.23901475413715584,
    "avg_alignment": 0.4463670505164191,
    "avg_correctness": 0.009375,
    "avg_improvement": 0.20246987553546206,
    "avg_weaver_uncertainty": 0.11657776959240436,
    "avg_witness_entropy": 0.201571711845274,
    "avg_disagreement": 0.3215625,
    "avg_collusion": 0.1964512765299878,
    "avg_mode_collapse": 0.176486765229388,
    "avg_gaming": 0.35829404652114777,
    "avg_state_class": 4.96
  },
  "bayesian": {
    "history_length": 1000,
    "avg_computation_time_ms": 8.540932655334473,
    "avg_alignment": 0.4463670505164191,
    "avg_correctness": 0.009375,
    "avg_witness_epistemic_uncertainty": 0.0044819307466968895,
    "avg_witness_predictive_entropy": 0.5356625294685364,
    "avg_judge_entropy": 0.14129285767674446,
    "avg_disagreement": 0.3215625,
    "avg_alignment_improvement": -0.01121713422704488,
    "avg_correctness_improvement": -0.061875,
    "avg_state": 2.35
  }
}