{
  "simple_2d": {
    "history_length": 1000,
    "avg_computation_time_ms": 4.341631650924683,
    "avg_alignment": 0.5987131533294451,
    "avg_correctness": 0.078125,
    "avg_disagreement": 0.29609375,
    "avg_witness_correctness": 0.385,
    "avg_judge_uncertainty": 0.3195196694135666,
    "avg_witness_uncertainty": 0.464933819770813,
    "avg_alignment_improvement": 0.1314340727904346,
    "avg_correctness_improvement": 0.01078125,
    "avg_quadrant": 1.2,
    "avg_velocity": 0.5153131849248487
  },
  "neutrosophic": {
    "history_length": 1000,
    "avg_computation_time_ms": 6.389313459396362,
    "avg_T": 0.32388159724872095,
    "avg_I": 0.1864163851964258,
    "avg_F": 0.21006882413686867,
    "avg_dT_dt": 0.06577755495845106,
    "avg_dI_dt": -0.01215330500818909,
    "avg_dF_dt": 0.007218232798025947,
    "avg_alignment": 0.5987131533294451,
    "avg_correctness": 0.078125,
    "avg_improvement": 0.2657316795847146,
    "avg_weaver_uncertainty": 0.010458883289247751,
    "avg_witness_entropy": 0.21613740069883827,
    "avg_disagreement": 0.29609375,
    "avg_collusion": 0.2464411982721696,
    "avg_mode_collapse": 0.13983448770944595,
    "avg_gaming": 0.23180666171722353,
    "avg_state_class": 4.58
  },
  "bayesian": {
    "history_length": 1000,
    "avg_computation_time_ms": 24.959064722061157,
    "avg_alignment": 0.5987131533294451,
    "avg_correctness": 0.078125,
    "avg_witness_epistemic_uncertainty": 0.005177041995339095,
    "avg_witness_predictive_entropy": 0.5123846060037613,
    "avg_judge_entropy": 0.24837324500083924,
    "avg_disagreement": 0.29609375,
    "avg_alignment_improvement": 0.1314340727904346,
    "avg_correctness_improvement": 0.01078125,
    "avg_state": 2.8
  }
}