{
  "simple_2d": {
    "history_length": 1000,
    "avg_computation_time_ms": 1.42037034034729,
    "avg_alignment": 0.996930273323087,
    "avg_correctness": 0.09453125,
    "avg_disagreement": 0.89625,
    "avg_witness_correctness": 0.9790625,
    "avg_judge_uncertainty": 0.594947549700737,
    "avg_witness_uncertainty": 0.9140107917785645,
    "avg_alignment_improvement": -0.0013588828907813877,
    "avg_correctness_improvement": 0.0446875,
    "avg_quadrant": 2.0,
    "avg_velocity": 0.06524372262215854
  },
  "neutrosophic": {
    "history_length": 1000,
    "avg_computation_time_ms": 1.7362926006317139,
    "avg_T": 0.5409174710401566,
    "avg_I": 0.5474665338857113,
    "avg_F": 0.38461156344551894,
    "avg_dT_dt": 0.051569427254292755,
    "avg_dI_dt": -0.043229907768975326,
    "avg_dF_dt": -0.018519299766993663,
    "avg_alignment": 0.996930273323087,
    "avg_correctness": 0.09453125,
    "avg_improvement": 0.5216643085546093,
    "avg_weaver_uncertainty": 0.009016489880159496,
    "avg_witness_entropy": 0.6208719564055449,
    "avg_disagreement": 0.89625,
    "avg_collusion": 0.8000990232000791,
    "avg_mode_collapse": 0.1012090036159591,
    "avg_gaming": 0.1140308436023318,
    "avg_state_class": 2.63
  },
  "bayesian": {
    "history_length": 1000,
    "avg_computation_time_ms": 35.737531661987305,
    "avg_alignment": 0.996930273323087,
    "avg_correctness": 0.09453125,
    "avg_witness_epistemic_uncertainty": 0.010980594092980028,
    "avg_witness_predictive_entropy": 1.4309880220890046,
    "avg_judge_entropy": 0.8640035444498062,
    "avg_disagreement": 0.89625,
    "avg_alignment_improvement": -0.0013588828907813877,
    "avg_correctness_improvement": 0.0446875,
    "avg_state": 4.0
  }
}