{
  "simple_2d": {
    "history_length": 1000,
    "avg_computation_time_ms": 1.6471643447875977,
    "avg_alignment": 0.9966005743364803,
    "avg_correctness": 0.13453125,
    "avg_disagreement": 0.78640625,
    "avg_witness_correctness": 0.89015625,
    "avg_judge_uncertainty": 0.5344451686739922,
    "avg_witness_uncertainty": 0.9340866923332214,
    "avg_alignment_improvement": -0.00041251309390645475,
    "avg_correctness_improvement": 0.03609375,
    "avg_quadrant": 2.0,
    "avg_velocity": 0.07007513566423683
  },
  "neutrosophic": {
    "history_length": 1000,
    "avg_computation_time_ms": 3.3735268115997314,
    "avg_T": 0.5560208534252016,
    "avg_I": 0.4565012904184892,
    "avg_F": 0.38556860695181905,
    "avg_dT_dt": 0.039719073610517644,
    "avg_dI_dt": -0.04314041919892683,
    "avg_dF_dt": -0.04001329341514452,
    "avg_alignment": 0.9966005743364803,
    "avg_correctness": 0.13453125,
    "avg_improvement": 0.5178406184530467,
    "avg_weaver_uncertainty": 0.00893515591043979,
    "avg_witness_entropy": 0.4641941454845242,
    "avg_disagreement": 0.78640625,
    "avg_collusion": 0.7356157266108977,
    "avg_mode_collapse": 0.18314118403659985,
    "avg_gaming": 0.12126653698826653,
    "avg_state_class": 0.26
  },
  "bayesian": {
    "history_length": 1000,
    "avg_computation_time_ms": 14.857306957244873,
    "avg_alignment": 0.9966005743364803,
    "avg_correctness": 0.13453125,
    "avg_witness_epistemic_uncertainty": 0.010242128889076411,
    "avg_witness_predictive_entropy": 1.0912140887975692,
    "avg_judge_entropy": 0.4516667574644089,
    "avg_disagreement": 0.78640625,
    "avg_alignment_improvement": -0.00041251309390645475,
    "avg_correctness_improvement": 0.03609375,
    "avg_state": 4.0
  }
}