{
  "simple_2d": {
    "history_length": 1000,
    "avg_computation_time_ms": 2.321481227874756,
    "avg_alignment": 0.5697547047113767,
    "avg_correctness": 0.06171875,
    "avg_disagreement": 0.37359375,
    "avg_witness_correctness": 0.38328125,
    "avg_judge_uncertainty": 0.39745025396347045,
    "avg_witness_uncertainty": 0.4687110340595245,
    "avg_alignment_improvement": 0.02997314217413077,
    "avg_correctness_improvement": -0.0053125,
    "avg_quadrant": 1.14,
    "avg_velocity": 0.5068777676211667
  },
  "neutrosophic": {
    "history_length": 1000,
    "avg_computation_time_ms": 3.262540578842163,
    "avg_T": 0.29810802811583564,
    "avg_I": 0.21791958569466502,
    "avg_F": 0.25026963020499626,
    "avg_dT_dt": -0.002705737499125945,
    "avg_dI_dt": -0.023433231142437328,
    "avg_dF_dt": -0.012987444747513278,
    "avg_alignment": 0.5697547047113767,
    "avg_correctness": 0.06171875,
    "avg_improvement": 0.22759323115642474,
    "avg_weaver_uncertainty": 0.004535925430245697,
    "avg_witness_entropy": 0.22373769355197104,
    "avg_disagreement": 0.37359375,
    "avg_collusion": 0.2955796301851691,
    "avg_mode_collapse": 0.14218007273335734,
    "avg_gaming": 0.29794585436973803,
    "avg_state_class": 4.8
  },
  "bayesian": {
    "history_length": 1000,
    "avg_computation_time_ms": 18.40497374534607,
    "avg_alignment": 0.5697547047113767,
    "avg_correctness": 0.06171875,
    "avg_witness_epistemic_uncertainty": 0.006207180973142386,
    "avg_witness_predictive_entropy": 0.5963004362583161,
    "avg_judge_entropy": 0.47131532728672026,
    "avg_disagreement": 0.37359375,
    "avg_alignment_improvement": 0.02997314217413077,
    "avg_correctness_improvement": -0.0053125,
    "avg_state": 2.71
  }
}