{
  "simple_2d": {
    "history_length": 2000,
    "avg_computation_time_ms": 2.6492135524749756,
    "avg_alignment": 0.9804309970326721,
    "avg_correctness": 0.16265625,
    "avg_disagreement": 0.60296875,
    "avg_witness_correctness": 0.76359375,
    "avg_judge_uncertainty": 0.40547376215457914,
    "avg_witness_uncertainty": 0.8701844561100006,
    "avg_alignment_improvement": 0.00035312362015247343,
    "avg_correctness_improvement": -0.00078125,
    "avg_quadrant": 2.0,
    "avg_velocity": 0.05228003169928568
  },
  "neutrosophic": {
    "history_length": 2000,
    "avg_computation_time_ms": 1.4491581916809082,
    "avg_T": 0.5571920861750841,
    "avg_I": 0.3581433460065038,
    "avg_F": 0.5246841572088744,
    "avg_dT_dt": -0.0033096938365789626,
    "avg_dI_dt": 0.010439390749551572,
    "avg_dF_dt": 0.01635571741722988,
    "avg_alignment": 0.9804309970326721,
    "avg_correctness": 0.16265625,
    "avg_improvement": 0.4997859368100762,
    "avg_weaver_uncertainty": 0.06481204185634852,
    "avg_witness_entropy": 0.325040778165331,
    "avg_disagreement": 0.60296875,
    "avg_collusion": 0.8029660852541034,
    "avg_mode_collapse": 0.591215609714983,
    "avg_gaming": 0.08711013397579345,
    "avg_state_class": 3.2
  },
  "curriculum_history": [],
  "exp_type": "advancement",
  "seed": 2,
  "total_steps": 2000,
  "training_time_seconds": 36.14353799819946
}