{
  "seed": 1,
  "primitives": "adversarial",
  "checkpoint": "checkpoints/acgan_final.pt",
  "holdout_pairs": [
    [
      7,
      3
    ],
    [
      8,
      2
    ],
    [
      9,
      1
    ],
    [
      6,
      4
    ]
  ],
  "holdout": {
    "x_accuracy": 0.7097656242549419,
    "y_accuracy": 0.5808593742549419,
    "validity": 0.7938578017055988,
    "relation_accuracy": 0.8091796897351742
  },
  "training": {
    "x_accuracy": 0.6449218764901161,
    "y_accuracy": 0.6953125,
    "validity": 0.8138008825480938,
    "relation_accuracy": 0.837890625
  },
  "timestamp": "2025-12-12T22:57:37.933312"
}