{
  "seed": 2,
  "primitives": "adversarial",
  "checkpoint": "checkpoints/acgan_final.pt",
  "holdout_pairs": [
    [
      7,
      3
    ],
    [
      8,
      2
    ],
    [
      9,
      1
    ],
    [
      6,
      4
    ]
  ],
  "holdout": {
    "x_accuracy": 0.6707031242549419,
    "y_accuracy": 0.6402343772351742,
    "validity": 0.8159396797418594,
    "relation_accuracy": 0.8289062492549419
  },
  "training": {
    "x_accuracy": 0.6156250014901161,
    "y_accuracy": 0.7699218764901161,
    "validity": 0.7970844656229019,
    "relation_accuracy": 0.8056640625
  },
  "timestamp": "2025-12-12T22:59:18.067782"
}